{
    "<": {
        "K": 0.296849087893864, 
        "M": 0.6086235489220564, 
        "B": 0.0945273631840796
        }, 
    "M": {
        "B": 0.4659400544959128, 
        "T": 0.05722070844686648, 
        "K": 0.4196185286103542, 
        "L": 0.05722070844686648
        }, 
    "K": {
        "B": 0.5645645645645646, 
        "T": 0.1831831831831832, 
        "S": 0.07507507507507508, 
        "L": 0.17717717717717718
        }, 
    "B": {
        "S": 0.20531400966183574, 
        "L": 0.28502415458937197, 
        "T": 0.463768115942029, 
        "H": 0.04589371980676329
        }, 
    "T": {
        "S": 0.2757352941176471, 
        "L": 0.47794117647058826, 
        "H": 0.24632352941176472
        }, 
    "L": {
        "S": 0.7604562737642585, 
        "H": 0.23954372623574144
        }, 
    "S": {
        "H": 1.0
        }, 
    "H": {}
}