{"MTLH": 0.03482587064676617, "KTLS": 0.03150912106135987, "MKLH": 0.03316749585406302, "KBLH": 0.03648424543946932, "MKSH": 0.03980099502487562, "MKBH": 0.029850746268656716, "MKB": 0.003316749585406302, "MBTL": 0.03482587064676617, "MBL": 0.001658374792703151, "MKTL": 0.03648424543946932, "MKTH": 0.03316749585406302, "MLSH": 0.03482587064676617, "KBTH": 0.029850746268656716, "KBTL": 0.03316749585406302, "KBT": 0.001658374792703151, "MBLS": 0.11276948590381426, "MKBS": 0.04643449419568822, "MKS": 0.001658374792703151, "KLSH": 0.03150912106135987, "KLS": 0.001658374792703151, "KBTS": 0.03980099502487562, "KBS": 0.004975124378109453, "MBSH": 0.04643449419568822, "BTLS": 0.04477611940298507, "MBTS": 0.03482587064676617, "MBS": 0.001658374792703151, "KBSH": 0.04145936981757877, "MBTH": 0.04809286898839138, "MBH": 0.001658374792703151, "MBT": 0.001658374792703151, "BTSH": 0.04809286898839138, "BTS": 0.001658374792703151, "KBL": 0.001658374792703151, "KBLS": 0.04311774461028192, "MKLS": 0.03150912106135987}